id,titre,marque,categorie,prix,prix_barre,devise,retailer,remise_pct,segment
rP7Lp38,Leather Handbag,Bottega Veneta,Handbags,1745.0,2425.0,USD,jomashop.com,28.0,2. Mid
gW1gxYV,Prada Darling Leather Handbag,Prada,"Handbags, Wallets & Cases",3550.0,,USD,prada.com,,3. Luxe
t2JZlpl,Amazona 23 Leather Handbag,LOEWE,Handbags,2774.0,4170.0,USD,luosophy.com,33.5,3. Luxe
oqE5xBI,Vita Leather Handbag,Golden Goose,Handbags,724.0,1278.0,USD,us.thahab.com,43.3,2. Mid
JAOAQX5,Darling leather handbag,Prada,"Handbags, Wallets & Cases",3550.0,,USD,prada.com,,3. Luxe
abH9Of0,Classic Genuine Leather Handbag,Nordstrom,Handbags,228.0,,USD,nordstrom.com,,1. Accessible
cNKITa5,Leather Handbag,Salvatore Ferragamo,Handbags,441.0,592.0,USD,shop.simon.com,25.5,1. Accessible
UJIGnIj,Leather handbag,Mango,"Handbags, Wallets & Cases",269.99,,USD,shop.mango.com,,1. Accessible
9CI1FIK,Medium Leather Handbag,Longchamp,Handbags,449.97,830.0,USD,nordstromrack.com,45.8,1. Accessible
FJqwpa2,Braided Leather Handbag,Nordstrom,Handbags,199.0,,USD,nordstrom.com,,1. Accessible
YNvpRyx,Sally Leather Handbag,THE ROW,Handbags,910.0,,USD,lagarconne.com,,2. Mid
Gl8MXZ6,Leather Handbag,Maison Margiela,Handbags,4096.0,4287.0,USD,fashdes.co,4.5,3. Luxe
mQ3yal1,India Bag,THE ROW,Handbags,5040.0,5600.0,USD,therealreal.com,10.0,3. Luxe
GcfkUFp,Smooth leather handbag,Armani,Handbags,625.0,,USD,armani.com,,1. Accessible
CwSemTD,Leather Handbag with Removable Shoulder Strap,Jil Sander,Handbags,1228.0,1817.0,USD,shop.simon.com,32.4,2. Mid
8r9Ypoz,Rodeo Medium Smooth Leather Handbag,Balenciaga,Handbags,4591.0,,USD,fashdes.co,,3. Luxe
eAgwhVP,Large Leather Handbag,Prada,Handbags,4345.0,,USD,ln-cc.com,,3. Luxe
jaBqkuL,Le Roseau S Handbag,Longchamp,Handbags,780.0,,USD,longchamp.com,,2. Mid
tCzTRaG,Leather Handbag,Hereu,Handbags,692.0,,USD,next.us,,2. Mid
8dSs3Pf,Top Handle Bag,Radley,Handbags,189.97,375.0,USD,nordstromrack.com,49.3,1. Accessible
ck98D1Z,Classic Leather Shoes,Reebok,Shoes,75.0,,USD,reebok.com,,1. Accessible
JOdZOh6,Leather Shoes,Paco Rabanne,Shoes,400.0,800.0,USD,farfetch.com,50.0,3. Luxe
uOdRAcI,Classic Leather Shoes,Reebok,Shoes,85.0,,USD,reebok.com,,1. Accessible
7t1UwJG,Derby Leather Shoes,Burberry,Shoes,865.0,,USD,machine-a.com,,3. Luxe
SvhQ7A0,Skiff Apron Leather Shoes,AllSaints,Shoes,319.0,,USD,allsaints.com,,3. Luxe
1H9TbgE,Fantasy - black leather shoes,Wolky,Shoes,99.0,219.0,USD,wolky.com,54.8,2. Mid
RXDYRhc,The Leather Sneaker,Marc Jacobs,Shoes,150.0,250.0,USD,marcjacobs.com,40.0,2. Mid
H07iiHM,Leather Shoes,Marni,Shoes,1667.41,2058.72,USD,shop.simon.com,19.0,3. Luxe
eoa4VBv,Leather flat shoes,Mango,Shoes,89.99,,USD,shop.mango.com,,2. Mid
WYe28xT,Sneakers,Veja,Shoes,14.0,35.0,USD,therealreal.com,60.0,1. Accessible
DRj7Mm9,Classic Leather Shoes,Reebok,Shoes,47.0,115.0,USD,eu.thesportsedit.com,59.1,1. Accessible
zNMi6sq,Gathered leather shoes,Mango,Shoes,89.99,149.99,USD,shop.mango.com,40.0,2. Mid
US18IuS,Clarkson Leather Driving Shoes,Bally,Shoes,357.5,,USD,neimanmarcus.com,,3. Luxe
ZWku6XO,Tobias Monk Strap Leather Shoes,Salvatore Ferragamo,Shoes,750.0,,USD,jomashop.com,,3. Luxe
G93jMk5,Dr. Martens Mary Jane Shoes,Dr Martens,Shoes,150.0,,USD,drmartens.com,,2. Mid
Bd0wv4u,Nike Pacific Leather Shoes,Nike,Shoes,67.97,80.0,USD,nike.com,15.0,1. Accessible
821vl8n,Leather Derby Shoes,Salvatore Ferragamo,Shoes,651.72,1380.0,USD,shop.simon.com,52.8,3. Luxe
2AETXm4,Elphie Mary Jane Leather Shoes,Dr Martens,Shoes,79.97,130.0,USD,drmartens.com,38.5,1. Accessible
yxtJWKG,Speed Strike Leather Hiking Shoes,MERRELL,Shoes,99.99,,USD,shoecarnival.com,,2. Mid
n2Y0QkD,Sport Luxury Men's Watch,Citizen,Watches,345.0,595.0,USD,jared.com,42.0,1. Accessible
yVJl87z,Martin Luxury Chronograph Men's Watch,Porsamo Bleu,Watches,1300.0,,USD,porsamobleu.com,,1. Accessible
HKNhUNM,Omega Seamaster Planet Ocean 212.30.44.52.01.001,Omega,Watches,5170.0,,USD,jomashop.com,,2. Mid
DQwyQvA,Breitling Chronomat 44 Airbourne AB0115,Breitling,Watches,4800.0,,USD,mygemma.com,,2. Mid
yl3eZx9,Royal Oak Offshore New York 57th Street Boutique Edition Watch,Audemars Piguet,Watches,27395.0,32100.0,USD,jomashop.com,14.7,3. Luxe
00qG0YZ,Master Ultra Thin Reserve De Marche,Jaeger-LeCoultre,Watches,10500.0,,USD,watchesofswitzerland.com,,2. Mid
wwUkpdb,Tambour Automatic 40mm,Louis Vuitton,Watches,76000.0,,USD,us.louisvuitton.com,,3. Luxe
Xg8Q9AV,Rolex Daytona 116520,Rolex,Watches,20511.0,,USD,jomashop.com,,3. Luxe
ZpEV0Vf,Rolex Explorer 114270,Rolex,Watches,12950.0,,USD,watchesofswitzerland.com,,3. Luxe
2cInucu,L.U.C 1963 White Porcelain Dial Automatic Mens Watch,Chopard,Watches,28955.0,37580.0,USD,jomashop.com,23.0,3. Luxe
lKqQZ9x,Alpine Eagle Chronograph Automatic Watch,Chopard,Watches,23840.0,29800.0,USD,jomashop.com,20.0,3. Luxe
g7nNfMv,Pasha de Cartier Watch,Cartier,Watches,4950.0,,USD,mygemma.com,,2. Mid
jI6UJAn,TISSOT Heritage Navigator COSC 160th Anniversary Watch T0786411603700,Tissot,Watches,1149.0,1650.0,USD,watchwarehouse.com,30.4,1. Accessible
4wvUkAD,Tissot T Touch Solar Expert Watch,Estate Jewelry,Watches,899.95,999.95,USD,replacements.com,10.0,1. Accessible
RRAkleQ,Luigi Black Chronograph Men's Watch,Armani,Watches,229.97,385.0,USD,nordstromrack.com,40.3,1. Accessible
DUlste8,Chronograph Mens Watch,Armani,Watches,419.99,745.0,USD,jomashop.com,43.6,1. Accessible
FK1OUCT,Arcade Quartz Men's Watch,Balmain,Watches,376.0,,USD,ashford.com,,1. Accessible
OalUVPV,White Dial HNBR Rubber Series X² 97A194,Bulova,Watches,3495.0,,USD,bulova.com,,2. Mid
aeeYMva,Royal Oak Offshore 42mm Chronograph Watch,Audemars Piguet,Watches,20155.0,,USD,farfetch.com,,3. Luxe
PrqLPqV,PANERAI Luminor Marina Logo Acciaio 44MM Automatic Men's Watch PAM00631,Panerai,Watches,3995.0,5000.0,USD,watchwarehouse.com,20.1,2. Mid
Tpds4s8,Sandro Wool Coat,Sandro,Coats & Jackets,45.0,225.0,USD,therealreal.com,80.0,1. Accessible
TxqXMBf,Alice + Olivia Wool Coat,Alice + Olivia,Coats & Jackets,55.0,275.0,USD,therealreal.com,80.0,1. Accessible
jLg6BEH,Wool Coat,Sandro,Coats & Jackets,117.0,390.0,USD,therealreal.com,70.0,1. Accessible
MFw0C39,Herno Wool Coat,Herno,Coats & Jackets,87.0,435.0,USD,therealreal.com,80.0,1. Accessible
8YGoDXk,Wool Coat,Yohji Yamamoto,Coats & Jackets,1724.0,2807.0,USD,farfetch.com,38.6,3. Luxe
vlMypjF,Wool Coat,Raf Simons,Coats & Jackets,2520.0,,USD,appliedartforms.com,,3. Luxe
oMGHoOA,Wool Coat,Toteme,Coats & Jackets,720.0,1440.0,USD,farfetch.com,50.0,2. Mid
CJP6CWI,Alaïa Wool Coat,ALAÏA PARIS,Coats & Jackets,322.5,645.0,USD,therealreal.com,50.0,2. Mid
P4vpXSE,Wool Coat,Tango Mango,Coats & Jackets,209.99,299.99,USD,nordstrom.com,30.0,1. Accessible
FzhHhvC,Cavendish Wool Coat,Nordstrom,Coats & Jackets,189.0,219.0,USD,nordstrom.com,13.7,1. Accessible
mlgCLpV,Duffle Wool Coat,Saint Laurent,Coats & Jackets,6330.0,,USD,ln-cc.com,,3. Luxe
f5rxZSg,Isabel Long Wool Coat,Paloma Wool,Coats & Jackets,460.0,755.0,USD,libertylondon.com,39.1,2. Mid
RCeYq9C,Wool Coat,Missoni,Coats & Jackets,905.0,,USD,ln-cc.com,,2. Mid
f6IPeDb,Double-Face Wool Coat,Proenza Schouler,Coats & Jackets,517.99,1195.0,USD,bergdorfgoodman.com,56.7,2. Mid
mH0EYVA,Wool Coat,Miarante,Coats & Jackets,1805.0,,USD,ln-cc.com,,3. Luxe
T99BpTM,Linden Double-Breasted Wool Coat,Tagliatore,Coats & Jackets,881.0,979.0,USD,farfetch.com,10.0,2. Mid
6aP4h05,Short Double‑Breasted Wool Coat,& Other Stories,Coats & Jackets,149.0,349.0,USD,stories.com,57.3,1. Accessible
ZAo7lfZ,Wool Coat,Gucci,Coats & Jackets,3165.0,,USD,ln-cc.com,,3. Luxe
HvWa5Cp,Short Wool Coat,Max Mara,Coats & Jackets,3314.0,3847.0,USD,baltini.com,13.9,3. Luxe
4Qsd3xk,Brushed Wool Coat,Brooks Brothers,Coats & Jackets,1298.0,,USD,brooksbrothers.com,,3. Luxe
fXNzT4k,silk scarf,Pierre-Louis Mascia,Scarves,376.0,,USD,farfetch.com,,3. Luxe
asqMkWT,Silk Scarf,Saint Laurent,Scarves,665.0,850.0,USD,neimanmarcus.com,21.8,3. Luxe
eL11Cge,Silk Scarf,ATP Atelier,Scarves,250.0,,USD,us.atpatelier.com,,2. Mid
rj6mGqR,Silk Scarf,Carolina Herrera,Scarves,180.0,1490.0,USD,therealreal.com,87.9,2. Mid
Zl3BhJb,floral-print silk scarf,Pierre-Louis Mascia,Scarves,194.0,,USD,farfetch.com,,2. Mid
BzPqjX1,Silk Scarf,Louis Vuitton,Scarves,421.0,,USD,farfetch.com,,3. Luxe
S1c0eWj,Silk Scarf,Dior,Scarves,48.75,195.0,USD,therealreal.com,75.0,1. Accessible
aY1ja2d,Printed silk scarf,Acne Studios,Scarves,250.0,,USD,ssense.com,,2. Mid
QXRZXBu,Silk Scarf,Nordstrom,Scarves,150.0,,USD,nordstrom.com,,2. Mid
Pxf99uo,Silk Scarf,Vince,Scarves,147.0,245.0,USD,nordstrom.com,40.0,2. Mid
2ykLQsc,Silk Scarf,Max Mara,Scarves,123.0,367.0,USD,farfetch.com,66.5,1. Accessible
IHTSfiU,Monogram silk scarf,Toteme,Scarves,340.0,,USD,net-a-porter.com,,3. Luxe
uTD8eCH,Silk Scarf,Marc Jacobs,Scarves,58.8,98.0,USD,marcjacobs.com,40.0,1. Accessible
eSMrXc9,Graphic Print Silk Scarf,& Other Stories,Scarves,79.0,,USD,stories.com,,1. Accessible
cHkjibe,Silk Scarf,Burberry,Scarves,259.0,,USD,jomashop.com,,3. Luxe
HiiKuQ1,Printed Silk Scarf,& Other Stories,Scarves,129.0,,USD,stories.com,,1. Accessible
AzrLBw6,Printed Silk Scarf,Acne Studios,Scarves,450.0,,USD,acnestudios.com,,3. Luxe
SsclygG,Silk Scarf,Salvatore Ferragamo,Scarves,409.0,548.0,USD,shop.simon.com,25.4,3. Luxe
C88ITuC,Weekend Collection Floral Scarf,Ann Taylor,Scarves,44.62,59.5,USD,anntaylor.com,25.0,1. Accessible
auE7iSG,Floral Silk Scarf,Michael Kors,Scarves,64.0,115.0,USD,michaelkors.com,44.3,1. Accessible
nvE8QOx,Sunglasses,Salvatore Ferragamo,Sunglasses,450.0,,USD,ferragamo.com,,3. Luxe
tZsawjV,Sunglasses,Kate Spade,Sunglasses,85.0,169.0,USD,otticanet.com,49.7,1. Accessible
8qbbnQH,Avelin Sunglasses,Oliver Peoples,Sunglasses,485.0,,USD,marissacollections.com,,3. Luxe
83buyau,MARC 495/S Sunglasses,Marc Jacobs,Sunglasses,200.0,217.0,USD,otticanet.com,7.8,2. Mid
mxtnGgc,Sunglasses,Nordstrom,Sunglasses,275.0,,USD,nordstrom.com,,2. Mid
9FY2RvE,sunglasses,Saint Laurent,Sunglasses,291.0,520.0,USD,farfetch.com,44.0,3. Luxe
cgq1WwG,Sunglasses,Nordstrom,Sunglasses,275.0,,USD,nordstrom.com,,2. Mid
xMpGgmz,Sunglasses,Marc Jacobs,Sunglasses,206.0,,USD,marcjacobs.com,,2. Mid
dXHBGiS,Polarized Pillow Sunglasses,CELINE,Sunglasses,619.0,,USD,nordstrom.com,,3. Luxe
zVnVYys,CL40187I Sunglasses,CELINE,Sunglasses,440.0,,USD,alexanderdaas.com,,3. Luxe
IuCp4Em,Sunglasses,Polaroid,Sunglasses,74.0,,USD,otticanet.com,,1. Accessible
lBtkIE8,Square Sunglasses,Nordstrom,Sunglasses,198.0,,USD,nordstrom.com,,2. Mid
LfQ2Lu2,D-Frame Sunglasses,Le Specs,Sunglasses,49.0,,USD,nordstrom.com,,1. Accessible
yyY474V,RB4457D sunglasses,Ray-Ban,Sunglasses,128.0,,USD,farfetch.com,,1. Accessible
AsaKjmX,VE4445 Sunglasses,Versace,Sunglasses,181.5,,USD,framesdirect.com,,1. Accessible
tGRq5UR,RB4470CH,Ray-Ban,Sunglasses,203.05,262.0,USD,ezcontacts.com,22.5,2. Mid
Cx2tKU5,VE 4497U Geometric Sunglasses,Versace,Sunglasses,278.0,,USD,otticanet.com,,3. Luxe
hUosfo0,Square Sunglasses,Fossil,Sunglasses,79.0,,USD,samsclub.com,,1. Accessible
2XjFWLM,SC40074I Sunglasses,Stella McCartney,Sunglasses,275.0,,USD,otticanet.com,,2. Mid
B51X754,Wayfarer-style sunglasses,Fendi,Sunglasses,50.0,,USD,therealreal.com,,1. Accessible
